person_name,person_id,person_id_temporary,person_id_jgu,person_id_DigiKAR_final,person_name_variants
Johann Joseph Appel,1,,,1,
Franz Mauritius Bachmann,2,,,2,
Franz Moritz Bachmann,2,,,2,
Franz Moritz Bachmann,2?,,,2,
Franz Moriz Bachmann,2,,,2,
Franz Madhes,45,,,2,
Adolph Freiherr von Bellmont,3,,,3,
[Adolph Freiherr] von Bellmont,3,,,3,
Johann Arnold Freiherr von Bellmont,4,,,4,
Johann Arnold Freiherr von Bellmont,4?,,,4,
Johann Arnold Freiherr von Bellmont,805,,,4,
Johann Arnold von Bellmont,4,,,4,
Johann Arnold von Bellmont,805,,,4,
Johann Arnoldt von Bellmont,4,,,4,
Johann Arnold von Bellmont ,4,,,4,
Johann Arnold Freiherr von Bellmont ,4,,,4,
Arnold von Bellmont,4?,,,4,
Johann Arnold de Bellmont,4,,,4,
Philipp Franz von Bellmont,5,,,5,
[Philipp Franz] von Bellmont,5,,,5,de Bellmont
Philipp Frantz von Bellmont,5,,,5,
Philipp Franciscus von Bellmont,5,,,5,
Philippus Franciscus a Bellmont,5,,,5,
Karl Christian von Benzel,6,,,6,
K[arl] C[hristian] Graf von Benzel-Sternau,6,,,6,
K[arl] Ch[ristian] Graf von Benzel-Sternau,6,,,6,
Carl Christian E. Graf Benzel-Sternau,6,,,6,
Karl Christian Ernst Graf von Benzel-Sternau,6,,,6,
Karl Christian Graf von Benzel-Sternau,6,,,6,
Christian Ernst Karl Graf von Bentzel-Sternau,6,,,6,
Carl Christian Graf von Benzel-Sternau,6,,,6,
Christian Ernst Graf von Bentzel-Sternau,6,,,6,
Karl Graf von Bentzel-Sternau,6,,,6,
Karl Christian Ernst Graf von Bentzel-Sternau,6,,,6,
Karl von Benzel,6?,,,6,Benzell
Johann Jacob Billstein,7,,,7,
Johann Jacob von Bilstein,7,,,7,
Johann Jakob von Bielstein,7,,,7,
Johann Jacob Bilstein,7,,,7,
Johann Jakob Bielstein,7,,,7,
Franz Emmerich Kaspar von Bilstein,8,,,8,
Johann Michael Bockhlet,9,,,9,
[Johann Michael] Booklet,9,,,9,
Johann Michael Bockleth,9,,,9,
[Johann Michael] Bocklet,9,,,9,
[Johann Michael] Bockleth,9,,,9,Bookleth
N.N. Bocklett,9,,,9,
Siegfried Wilhelm Bollmann,10,,,10,
Siegfriedt Wilhelm Bollmann,10,,,10,
Siegfried Willhelm Bollmann,10,,,10,
Siegfried Wilhelm] Bollmann,10,,,10,
Johann Georg Brückmann,12,,,12,
Johann Georg Brückmann,807,,,12,
Karl Wilhelm Joseph Adam Freiherr von Breidbach zu Bürresheim,13,,,13,
Carl Wilhelm Joseph Adam Fraiherr von Breidbach zu Bürresheim,13,,,13,
Karl Wilhelm Freiherr von Breidbach-Bürresheim,13,,,13,
Karl Wilhelm Joseph Adolph von Breidbach zu Bürresheim,13,,,13,
Carl Wilhelm Joseph Adam von Breidbach zu Bürresheim,13,,,13,
Karl Wilhelm Joseph von Breidbach-Buerresheim,13,,,13,
Tobias Lagus [?],14,,,14,
Tobias Lagus,14,,,14,
Tobias Lagus,535,,,14,
Johann Tobias Lagus Junior,14,,,14,
Georg Melchior Klemens,15,,,15,Clemenz
Georg Melchior Clemens,15,,,15,
[Georg Melchior] Clemens,15,,,15,
George Melchior Clemens,15,,,15,
Georg Melchior von Clemens,15,,,15,Georg Melchior von Clemens Milwitz
Georg Melchior von Clemens,509,,,15,Georg Melchior von Clemens Milwitz
Georg Melchior von Clemens,38,,,15,Georg Melchior von Clemens Milwitz
Johann Georg Cöler,16,,,16,
[Johann Georg] Cöler,16,,,16,Köhler
Johann Georg Coeler,16,,,16,
Johannes Georg Köhler,16,,,16,Koehler / Köler
Johann Georg Köhler,16,,,16,Koehler / Köler
Johann Rudolph Cöler,17,,,17,
Johann Rudolph Cöhler,17,,,17,
Johann Adolph Cöler,17,,,17,
[Johann Adolph] Cöler,17,,,17,
Johann Rudolph Coeler,17,,,17,
Johannes Rudolf Köhler,17,,,17,Koehler / Köler
Johann Rudolph Koehler,17,,,17,Coehler
Georg Melchior von Klemens,15,,,18,Georg Melchior Klemens
Ernst Ludwig Wilhelm Freiherr von Dacheröden,18,,,18,
Karl Theodor Anton Maria Kämmerer von Worms Freiherr von Dalberg,19,,,19,
Karl Theodor Anton Maria von Dalberg,19,,,19,
Karl Theodor von Dalberg,19,,,19,
Carl Theodor Freiherr von Dalberg,19,,,19,
Carl Theodor Anton Maria von Dalberg,19,,,19,
Carl Theodor Cämmerer von Worms Freiherr von und zu Dalberg,19,,,19,
Karl Theodor Anton von Dalberg,19,,,19,
Karl Theodor Freiherr von Dalberg,19,,,19,Karl Theodor Anton Maria Reichsfreiherr von Dalberg
Johann Heinrich Demar,20,,,20,
N.N. Dehmer,20,,,20,
Johann Heinrich Dehmer,20,,,20,
Friedrich Ludwig Döring,21,,,21,
Friedrich Ludwig Doering,21,,,21,
[N.N.] Fuxius,22,,,22,
Emmerich Ernst Joseph Fuxius,22,,,22,
Johann Heinrich Genau,23,,,23,
Johann Heinrich] Genau,23,,,23,
N.N. Genau,23,,,23,
Sigismund Gerstenberg,24,,,24,
Sigmund Gerstenberger,24,,,24,
[Sigmund] Gerstenberger,24,,,24,Gerstenberg
[Sigismund] Gerstenberg,24,,,24,
[Sigmund] Gerstenberg,24,,,24,
Sigismund Gerstenberger,24,,,24,
Gustav Adolph Graberg,25,,,25,
Gustavus Adolphus Graberg,25,,,25,
Gustav Adolf Graberg,25,,,25,
Johann Jakob von Gudenus,26,,,26,
Johann Jakob von Gudenus,806,,,26,
Johann Jacob von Gudenus,26,,,26,
Johann Jakob Gudenus,378,,,26,
Johann Jakob Gudenus,26,,,26,
Christoph Ignaz von Gudenus,101,,,27,
Christoph Ignaz von Gudenus,27,,,27,
Christoph Ignatius von Gudenus,101,,,27,
Christoph Ignatius Gudenus,27,,,27,
Christoph Ignaz Freiherr von Gudenus,27,,,27,
Christoph Ignaz Gudenus,27,,,27,
Daniel Moritz von Gudenus,28,,,28,
Daniel Mauritius von Gudenus,28,,,28,
Daniel Mauritius Gudenus,28,,,28,
Daniel Mauritius de Gudenus,28,,,28,
Daniel Moritz Gudenus,28,,,28,
Peter Heinrich Heiland,30,,,30,
Peter Heinrich Heiland,804,,,30,
Peter Heinrich Jacob Heylandt,30,,,30,
Peter Heinrich Jakob Heiland,30,,,30,
N.N. Heyland,30,,,30,N.N. Heiland
Elias Friedrich Heitmann,31,,,31,
Johann Nepomuk Christoph Hucke,32,,,32,
Franz Hugo Hunoldt,33,,,33,
Hugo Frantz Hunoldt,33,,,33,
[Franz Hugo] Hunold,33,,,33,
Hugo Franz Hunold,33,,,33,
Franz Hugo Hunold,33,,,33,
Hugo Franciscus Hunold,33,,,33,
Franciscus Hugo Hunold,33,,,33,
Anselm Franz Friedrich von Ingelheim,34,,,34,
Anselm von Ingelheim,34,,,34,
Anselm Franz von Ingelheim,34,,,34,
Casparus Junck,35,,,35,
Caspar Jungk,35,,,35,
Kaspar Jungk,35,,,35,
Christoph Kerl,36,,,36,
Johann Christoph Kerl,36,,,36,
Georg von Klemens zu Millwitz,38,,,38,
Georg von Clemens-Millwitz,38,,,38,
Anton Koch,39,,,39,
Gabriel Heinrich Lilien,40,,,40,
Melchior Ludolph Lilien,41,,,41,
Johann Jacob Lincker,42,,,42,
Johann Jakob Lincker von Lützenwick,42,,,42,
[Johann Jacob] Lincker von Lützenwick,42,,,42,
Johann Jacob Lincker [von Lützenwick],42,,,42,
[Johann Jacob] von Lincker,42,,,42,â Lincker
Johann Jakob Lincker,42,,,42,
Johann Jacob Lincker von Lützenwick,42,,,42,
Johann Jakob Freiherr Lincker von Lützenwick,42,,,42,
Johann Jacob Lyncker von Lützenwiyck,42,,,42,
Johann Daniel Christoph Freiherr Lincker von Lützenwick,43,,,43,
Johann Daniel Christoph Freiherr Lincker von Lützenwick,802,,,43,
Johann Daniel Lincker,218,,,43,
Johann Daniel Lincker,227,,,43,
Johann Daniel Lincker,?,,,43,
Johann Daniel Christoph Freiherr Lyncker von Lützenwick,43,,,43,"Lyncker von Lützenwick, Johann Daniel Freiherr / Lyncker von Lützenwick, Johann Daniel / Lincker und Lützenwick, Johann Daniel Christoph von / Lincker und Lützenwick, Johann Daniel von / Lincker, Johann Daniel Christoph Jacob von / Lincker, Johann Daniel Christoph von / Lincker, Johann Daniel Christophorus Jacobus de / Lincker, Johann Daniel von / Linker und Lutzenwick, Johann Daniel von / Linker von Lutzenwick, Johann Daniel / Linker von Lützenwick, Johann Daniel / Linker von Lützenwick, Johann Daniel Christoph / Lützenwick, Johann Daniel Lyncker von / Lincker, Johann Daniel Christoph Jakob von / Lincker, Johann Daniel Christophorus Jakobus de / Linker von Lützenwick, Johann Daniel Christof"
Johann Daniel Freiherr Lyncker von Lützenwick,43,,,43,
Johann Daniel Christoph Lincker Ritter und Edler von Lützenwick,43,,,43,
Johann Daniel Lincker Ritter und Edler von Lützenwick,218,,,43,
Johann Daniel Lincker von Lützenwick,227,,,43,
Johann Daniel Christoph Lincker von Lützenwick,43,,,43,
Johann Daniel Christoph Lincker von Lützenwick,802,,,43,
N.N. von Lincker,43,,,43,
Johann Daniel Freiherr Lincker von Lützenwick,43,,,43,
Johann Daniel Lyncker,43,,,43,
Johann Daniel Christoph Freiherr Lincker von Lützenwick,802,,,43,Johann Daniel Christoph Linckert von Lützewick
Franz Damian Linden,44,,,44,
Damian Freiherr von Linden,44,,,44,
Franz Damian Freiherr von Linden,44,,,44,
Matthias Joseph Anton Franz Matthes,45,,,45,Matthias Joseph Anton Frantzmatdhes
Mathias Josephus Antonius Frantz Madhes,45,,,45,
Joseph Matthias Frantz Matthes,45,,,45,
[Elias] Meltzer,47,,,47,Flie [?] Meltzzern
Elias Melzer,47,,,47,
Elias Meltzer,47,,,47,
[Andreas Ignaz] Meyer,48,,,48,
Andreas Ignaz Meyer,48,,,48,
Joachim Andreas Meyer,49,,,49,Meuer
Joachim Andreas Meier,49,,,49,
Johann Andreas Meyer,50,,,50,
Anselm Franz Molitoris,51,,,51,
Anselm Franz von Molitoris,51,,,51,
[Anselm Franz] Molitoris,51,,,51,
N.N. Molitoris,51,,,51,
Anselmus Franciscus Molitoris,51,,,51,
Georg Melchior Gereon Molitoris,52,,,52,
[Georg Melchior Gereon] Molitoris,52,,,52,
Philipp Georg Jerion Molitoris,52,,,52,
Melchior Gereon Molitoris,52,,,52,
Friedrich Wilhelm Mosel von Alenstein,54,,,54,
[Friedrich Wilhelm] Mosel von Alenstein,54,,,54,
Johann Bernhard Müller,55,,,55,
[Johann Bernhard] Müller,55,,,55,
Johann Bernhard Molitoris,55,,,55,Molitor
Herrmann Pfingsten,56,,,56,
Johann Hermann Pfingsten,56,,,56,
Daniel Veit von Pipper,57,,,57,
Vitus Daniel von Piper,57,,,57,
Adam Friedrich Christian Reinhard,58,,,58,
Adam Christian Reinhardt,58,,,58,
Adam Christian Friedrich Reinhard,58,,,58,August Chrstian Friedrich Reinhard
Adam F. Reinhardt,58,,,58,
Georg Andreas Reinhard,59,,,59,
Andreas Reinhard,59,,,59,
N.N. Reinhard,59,,,59,
Franz Anton Resch,60,,,60,
Franz A[nton] R[esch],60,,,60,
Franz Anton? von Resch,60,,,60,
Franz Anton von Resch,60,,,60,
Ernst Dominik Rhiesen,61,,,61,
Jacob Ernestus Dominicus Riese,61,,,61,
Johann Ernst Dominicus Riese,61,,,61,Riehse
Johann Ernst Dominicus Riehs,61,,,61,
[Johann Ernst Dominik] Rhieß,61,,,61,
Johann Rese,61,,,61,
Johann Riese,61,,,61,Riehs / Riehse / Riess / Riesse
Johannes Ernst Dominik Riese,61,,,61,Riehs / Riehse / Riess / Riesse
Johann Ernst Dominicus Rieße,61,,,61,
Valentin Riehßen,62,,,62,
Valentin Riehsen,62,,,62,
[Valentin] Rhieß,62,,,62,Rhies
Valentin Rhieß,62,,,62,Riheßen
Valentin Rieß,62,,,62,
[Valentin] Riehse,62,,,62,Rhiese
[Valentin] Rhies,62,,,62,Rhieß
[Valentin] Rhiß,62,,,62,Rhis
Johann Heinrich Daniel von Ritter zu Grünstein,63,,,63,Johann Daniel von Ridder zu Groenstein
Johann Heinrich Daniel Freiherr von Ritter zu Grünstein,63,,,63,
Johann Heinrich Daniel Freiherr von Ritter zu Groenesteyn,63,,,63,
Johann Michael Rotermundt,64,,,64,
Johann Michael Rotermundt,801,,,64,
Johann Michael Rotermund,64,,,64,
Johann Michael Rotermund,801,,,64,
[Johann Michael] Rotermund,64,,,64,
Johann Michael Rothermund,64,,,64,
Georg Mansuet Ignaz Ruding,65,,,65,
N.N. von Ruding,65,,,65,
Georg Ignaz Mansuet Rüding,65,,,65,
Joseph von Sänger,66,,,66,
Johann Josef Senger,66,,,66,
Karl Joseph Adolph Lukas Freiherr Schenk Schmidburg,67,,,67,
Karl Franz Adolf Schenk Schmiedburg,67,,,67,
Karl Joseph Adolph lukas Freiherr Schenk von Schmidtburg,67,,,67,
Carl Joseph Freiherr Schenck von Schmidtburg,67,,,67,
Karl Joseph Adolf Schenk von Schmidburg,67,,,67,
Johann Adam Schmitt,68,,,68,
Johannes Adam Schmidt,68,,,68,Schmid / Schmied / Schmidius / Schmitt / Smid
Hieronymo Schorchen,69,,,69,
Hieronymus Schorch,69,,,69,
[Hieronymus] Schorch,69,,,69,
Johann Arnold Schütz,70,,,70,
[Johann Arnold] Schütz,70,,,70,
[Johann Arnold] Schüz,70,,,70,
Johann Arnold Schütze,70,,,70,
Johann Christoph Spitz,71,,,71,
Johannes Christophorus Spitz,71,,,71,
Johann Christian Spitz,71,,,71,
N.N. Spitz,71,,,71,
[Johann Michael] Spönla,72,,,72,
Johann Michael Spohnla [?],72,,,72,
Johannes Michael Spoenla,72,,,72,
Johann Michael Spoenla,72,,,72,
Gottfried Spoenla,73,,,73,
Gottfried Spönla,73,,,73,
Johann Gottfried Spönla,232,,,73,
Johann Gottfried Spönla,73,,,73,
[Gottfried?] Spönla,73,,,73,
Johann Gottfried von Spoenla,73?,,,73,
[Johann Daniel Richard] Spönla,74,,,74,
Johann Daniel Richard Spönla,74,,,74,Spoenla
Alexander Bernhard Strecker,75,,,75,Bernhard Alexander Strecker
Alexander Bernhard] Strecker,75,,,75,
Alexander Bernhard Strecker,825,,,75,Bernhard Alexander Strecker
Ernst Wilhelm Strecker,76,,,76,
Ernst Wilhelm Strecker,803,,,76,
Josepha Strecker,77,,,77,
Maria Anna Josepha Thecla Strecker,77,,,77,
Karl Friedrich Strecker,78,,,78,
Karl Strecker,79,,,79,
Karl Wilhelm Strecker,80,,,80,
Konrad Wilhelm Strecker,81,,,81,
Konrad Wilhelm Strecker,803,,,81,
[Conrad Wilhelm] Streckerth,81,,,81,
Wilhelm Moritz Strecker,82,,,82,
Johann Philipp Streit,83,,,83,
[Johann Philipp] Streit,83,,,83,
Johann Philipp Streidt,83,,,83,
Johannes Philipp Streit,83,,,83,
Christoph Ignaz Streit,84,,,84,
[Christoph Ignaz] Streit,84,,,84,Streit Junior
Johann Daniel Streit,85,,,85,
Johann Veit Stumpelius,86,,,86,
Ernst Tentzel,87,,,87,
Ernst Tentzel,472,,,87,
Ernst I Tentzel,470,,,87,
Ernst Tentzl,87,,,87,
Ernest Tenzel,87,,,87,
Ernest Tentzel,87,,,87,
Franz Trömer,88,,,88,
Georg Friedrich Trott,89,,,89,
Georg Samuel Friedrich Trott,89,,,89,
Anselm Franz Ernst Freiherr von Warsberg,90,,,90,
Anselm Franz Ernst Freiherr von Warsberg,800,,,90,
Anselm Franz Ernst von Warsberg,90,,,90,
Anselm Franz Freiherr von Warsberg,90,,,90,
Johann Adolph Weltz,91,,,91,
Eberhard Sigmund Wincop,63,92.0,,92,
Eberhard Sigmund Wincop,92,92.0,,92,
Eberhard Sigmund Wincop,,92.0,,92,
Eberhardus Sigismundus Winkopp,92,,,92,
Johannes Matthias Wincop,93,,,93,
Johannes Matthias Wincop ,93,,,93,
Wilhelm Heinrich Wincop,94,,,94,
[Wilhelm Heinrich] Wincop,94,,,94,
N.N. Mueß,95,,,95,Meueß [?]
Georg Heinrich von Ziegler,96,,,96,
Georg Heinrich (von) Ziegler,96,,,96,
Georg Heinrich von Ziegler ,96,,,96,
Georg Heinrich Ziegler ,96,,,96,Johann Heinrich Ziegler
Jacob Paul Heinrich Ziegler,97,,,97,Jacob Heinrich Ziegler
Jakob Paul Heinrich von Ziegler,97,,,97,Ziegeler / Zieglerus / Zigler
Maria Magdalena Gudenus,98,,,98,
Magdalena Gudenus,98,,,98,
Maria Magdalena Sidonia Gabriela Theresia Gudenus,98,,,98,
Johann Pleikard Heinrich,99,,,99,Johann Pleiccard Heinrici
[Johann Pleikard] Heinrich,99,,,99,
Adolf Johann Pleichard Heinrici,99,,,99,
Johann Gerhard Bresano [?],100,,,100,
Dresanus,100,,,100,Dresano
Erhard Dresanus,100,,,100,Dresano
Johann Gerald Dresanus,100,,,100,
Johann Gerhard Dresanus,100,,,100,
Ioannes Gerardus Dresanus,100,,,100,
Christoph Ignatz Alois Gudenus,101,,,101,
Christoph Ignaz Aloys von Gudenus,101,,,101,
[Georg Marx] Hahn von Königsburg,102,,,102,Hahn von Küngsburg / Hahn von König. / Hahn von Küngsburg
Georg Marx Hahn,102,,,102,Haanen
[Georg Marx] Hahn,102,,,102,
[Georg Marx] Hahn [von Königsburg],102,,,102,
N.N. Hahn von Königsburg,102,,,102,
Goeorg Marx Hahn von Königsburg,102,,,102,
Matthiae,103,,,103,
Matthia,103,,,103,
Dieter Guillielmus Matthiae,103,,,103,
Dietrich Wilhelm Matthaei,103,,,103,
Dietrich Wilhelm Matthiae,103,,,103,
Dietrich Wilhelm von Matthiae,103,,,103,
Dietrich Matthiae,103,,,103,
Dieter Wilhelm Matthiae,103,,,103,
Maximilian Wagner,104,,,104,
Christina Sophia Tentzel,105,,,105,
Johann Heinrich Meyer,106,,,106,
Johann Heinrich Meier,106,,,106,Meyer
Johann Henrich Meier,106,,,106,
Johann Henrich Meier,122,,,106,
Johann Heinrich Mayer,106,,,106,
Johannes Heinrich Meyer,106,,,106,
Georg Friedrich von Creutz,107,,,107,
Georg Friedrich von Kreutz,107,,,107,Georg Friedrich Kreutz auf Kripitsch und Rudelsburg
[Georg Freidrich] von Kreuz,107,,,107,
Carl Dresanus,112,,,112,
M. Jacob Berger,113,,,113,
M. Jacob Berger,520,,,113,
M. Jacobus Berger,113,,,113,
Jacob M. Berger,520,,,113,Jacob M. Berringer
Jacob M. Berger,113,,,113,Jacob M. Berringer
Maria Berger,114,,,114,Berringer
Agneta Weidmann,115,,,115,Agneta Weidemann
N. Molitoris,116,,,116,
[N.N.] Papius,117,,,117,
Peter Cristian Frantz Pape,117,,,117,
[N.N.] Pape,117,,,117,
Peter Christian Franz Papius,117,,,117,
N.N. Papius,117,,,117,
Peter Christian Papius,117,,,117,
Petrus Christianus Josephus Papius,117,,,117,
Johann Hallenhorst,118,,,118,
[Johann] Hallenhorst,118,,,118,
Johannes Hallenhorst,118,,,118,
Ioannes Hallenhorst,118,,,118,
Jacob Berger,119,,,119,Jacob Berger Senior
Jacob Berger,521,,,119,Jacob Berger Senior
Jacob Berger,520,,,119,Jacob Berger Senior
Jacobus Berger,119,,,119,Berringer
[Jacob] Berger,119,,,119,
Johann Jakob Berger,119,,,119,
Jakob Berger,119,,,119,
Jakob Berger,520,,,119,
Georg Heinrich Ludolf,120,,,120,
[Georg Heinrich] Ludolf,120,,,120,Lüdolf / Ludolph
Georg Heinrich Ludolph,120,,,120,
Martha Berger,121,,,121,
Johann Heinrich Benedict Meier,122,,,122,
Hieronymus Friedrich Schorch,123,,,123,
Christian Wilhelm Schorch,124,,,124,
Friedrich Christian Schorch,125,,,125,
Johann Wilhelm Schorch,126,,,126,
Johann Wilhelm Schorch,550,,,126,
Frantz Adam Bocklett,128,,,128,
Jacobus Franciscus Bocklet,129,,,129,
Jakob Franz Bocklet,129,,,129,Boclet
Justus Christoph Weltz,130,,,130,
Justus Christophorus Weltz,130,,,130,
Johann Ernst Fratzscher,131,,,131,
Christian Heinrich Weltz,132,,,132,
Christian Heinrich Weltz,135,,,132,
Christoph Reichhart,133,,,133,
Christoph Reichardt,133,,,133,
Christoph Wilhelm Immanuel Reichart,133?,,,133,
Christoph Wilhelm Emanuel Reichardt,133,,,133,Reichard / Reichart
Friedrich Wilhelm Stallforth,134,,,134,
Heinrich Christian Weltz ,135,,,135,
Anna Regina Cöler,137,,,137,
Martha Regina Gerstenberg,138,,,138,
Martha Regina Gerstenberger,138,,,138,
Johann Joachim Gerstenberg,139,,,139,
Johann Joachim Gerstenberger,139,,,139,
Johann Joachim Gerstenberger,252,,,139,
Martha Sabina Cöler ,140,,,140,
Barbara N.N.,142,,,142,
Theresia Rotermund,143,,,143,
Maria Philippina Theresia Rotermund,143,,,143,
Catharina N.N.,144,,,144,
Philippina von Fensterer,145,,,145,Philippina von Bellmont
Philippina von Bellmont,145,,,145,
Johann Wolfgang Jungk,146,,,146,
Johann Jungk,146,,,146,
Clara Catharina Bader,147,,,147,
Martha Sophie Schmidt,148,,,148,
Johann Jacob Schmidt,149,,,149,
Johann Jakob Schmidt,149,,,149,Schmid / Schmied / Schmidius / Schmitt / Smid
Martha Sophia Menius,150,,,150,
Justina Margaretha Schmidt ,151,,,151,
Justina Magdalena Schmidt ,151,,,151,
Justina Magdalena Schmidt,151,,,151,
Anna Christina Möltzer ,152,,,152,
Johannes Stechanius,153,,,153,
Johannes Stechanius ,153,,,153,Johannes Stechau
Regina Magdalena Langguth,154,,,154,
Barbara Regina Magdalena Langguth,154,,,154,
Eva Maria Breitenbach,155,,,155,
Hieronymus Friedrich Breitenbach,156,,,156,
Anna Veronica Schwengfeld,157,,,157,
Anna Maria von Zwehl,158,,,158,
Maria Anna von Gudenus,159,,,159,
Maria Anna Gudenus,159,,,159,
Martha Catharina Böning,160,,,160,
Maria Katharina Böning,160,,,160,
Johann Nicolaus Reinhardt,161,,,161,
Dorothea Wilhelmina Birnstiel,162,,,162,
Georg Heinrich Birnstiel ,163,,,163,
Maria Josepha Rotermund,164,,,164,
Anna Philippina Meinong,165,,,165,
Johann Valentin Friese,166,,,166,
J[ohann] V[alentin] Friese,166,,,166,
Johannes Valentin Frisius,166,,,166,
Johann Valentin Frisius,166,,,166,
Sophia Josepha Rotermund ,167,,,167,
Josepha Rotermund,167,,,167,
Francisca Stahl ,168,,,168,
Francisca Renata Elisabeth Stahl,168,,,168,
Martha Adami,170,,,170,
Adelgunda Elisabeth Streit,171,,,171,
Johannes Laurentius Welsch,172,,,172,
Rosina Sophia Perthes,173,,,173,
Johann Justus Perthes,174,,,174,
Johanna Regina Hesse,175,,,175,
Eleonore Sophie Friese,176,,,176,
Eleonora Sophia Friese,176,,,176,
Rosina Catharina Ulle ,177,,,177,
Georg Ulle ,178,,,178,
Georg Ulle,178,,,178,
Georg Ulla,178,,,178,
Martha Sophia Schmatz,179,,,179,
Susanna Christina Weltz ,180,,,180,
Friederike Eleonore Weltz ,181,,,181,
Martha Magdalena Fabritius,182,,,182,
Johann Heinrich Rudolphi ,183,,,183,
Christina Schröder,184,,,184,
Michael Schröder,185,,,185,
Heinrich Enoch Ziegler,186,,,186,
Heinrich Enoch von Ziegler,186,,,186,
Anna Regina von Brettin,187,,,187,
Philipp Johann Jacobi,188,,,188,
Johann Philipp Jacobi,188,,,188,
Sophie Brochhausen,190,,,190,
Jost Brochhausen,191,,,191,
Johanne Christiane Kießling,192,,,192,
Johann Kießling,193,,,193,
Volckmar Schorch,194,,,194,
Juditha Dorothea Stiede,195,,,195,
Martha Rosina Beyer,196,,,196,
Catharina Maria Vogel,197,,,197,Catharina Maria Schorch
Christina Juditha Schorch,198,,,198,
David Georg Ernemann,199,,,199,
Catharina Dorothea Fischer,200,,,200,
Balthasar Fischer ,201,,,201,
Marie Dorothee Büchner,202,,,202,
Johann Christoph Büchner ,203,,,203,
M. Melchior Weidmann,204,,,204,
Melchior Weidmann,204,,,204,Melchior Weidemann
Anna Voigt,205,,,205,
Anna Berger ,206,,,206,
Magdalena Berger,207,,,207,
Johann David Schorch,208,,,208,
Johann David Schorch,550,,,208,
Anna Mohr ,209,,,209,Anna Noß
Christoph Avianus,210,,,210,
Johann Melchior Förster,211,,,211,
Johann Rehefeld,212,,,212,
Wolff Christoph von Ziegler,213,,,213,
Antonetta Wilhelmina Ziegler,214,,,214,
Maria Salome Müller ,215,,,215,
Johannes Schorch,216,,,216,
Johann Christian Gudenus,217,,,217,
Johann Daniel von Lincker,219,,,219,
Ernestus Cöler,220,,,220,
Carl Friedrich Molitoris,221,,,221,
Johann Anton Pipper,222,,,222,
Johann Jakob Franz Spoenla,223,,,223,
Johann Jacobus Franciscus Spoenla,223,,,223,
Johann Jacob Frantz Spoenla,223,,,223,
Johann Karl Weltz,224,,,224,Welz
Johann Carl Welz,224,,,224,
Johann Carl Weltz,224,,,224,
Elias Andreas Stechan,225,,,225,
Burckhardt Lincker,226,,,226,
Burckhardt Lincker von Lützenwick,226,,,226,
Sibille Lincker,228,,,228,
[N.N.] Meinong,229,,,229,
Nicolaus Meinong,229,,,229,
[N.N] Everts,230,,,230,
Joachim Dietrich Evers,230,,,230,
Sebastian Evert,230,,,230,
[Johann Moritz] Gudenus [?],231,,,231,
Johannes Mauritius Gudenus,231,,,231,
Johann Mauritz Bodo Gudenus,231,,,231,
Johann Mauritz Bodo von Gudenus,231,,,231,
Johannes Mauritius de Gudenus,231,,,231,
Johann Gottfried Spoenla,232,,,232,
Philipp Wilhelm von Boineburg,233,,,233,
Philipp Wilhelm Freiher von Boyneburg,233,,,233,
Philipp Wilhelm Reichsgraf von Boineburg,233,,,233,
Philipp Wilhelm Graf von Boyneburg,233,,,233,
Philipp Wilhelm Graf und edler Herr von Boineburg,233,,,233,
Philipp Wilhelm Freiherr von Boineburg,233,,,233,
Johann Heinrich Rotermundt,234,,,234,
Johann Adam Strecker ,235,,,235,
Johann Adam Strecker,235,,,235,
Johann Adam Strecker,421,,,235,
Johann Bartholomäus Brückmann,236,,,236,
Johann Christian von Boineburg ,237,,,237,
Johann Christian Freiherr von Boineburg,237,,,237,
Johann Christian von Boineburg,237,,,237,
Johann Christian Baron von Boineburg,237,,,237,
Johann Christian von Boyneburg,237,,,237,
Johann Christian Freiherr von Boyneburg,237,,,237,Boineburg
Carl Anselm Freiherr von Breidbach zu Bürresheim,238,,,238,
Sophia Eleonora von Rothenhahn,239,,,239,
Joachim Andreas von Brettin,240,,,240,
Andreas Joachim von Brettin,240,,,240,
Regina Dorothea von Seltzer,241,,,241,
Dorothea Sophia von Ziegler,242,,,242,
Anna Regina Ilgen,243,,,243,
Sabine Magdalene Cöler,244,,,244,
Susanne Sabine Coeler,245,,,245,
Caspar Friedrich Lentin,246,,,246,
Kaspar Friedrich Lentin,246,,,246,
M. Johann Ludwig Döring,247,,,247,
Johann Ludwig Döring,247,,,247,
Johann Ludwig Döring,247?,,,247,
M. Joh. Ludwig Döring,247,,,247,
Friederica Sophia Magdalena Döring,248,,,248,
Christiana Sibylla Weltz,249,,,249,
Henrietta Maria Weltz,250,,,250,
Martha Sophia Schmaltz,251,,,251,
Johann Jacob Gerstenberger,253,,,253,
Jacobus Gerstenberger,271,,,253,
Dorothea Regina Gerstenberg,254,,,254,
Joachim Gerstenberger,255,,,255,Gerstenberg
Joachim Gerstenberger,256,,,255,Gerstenberg
Joachim Gerstenberg,255,,,255,
Joachim Gerstenberg,256,,,255,
Veronica Martini,257,,,257,
Johann Martini,258,,,258,
Veronica Gerstenberger,266,,,258,
Johannes Martini,258,,,258,
Veronica Kronenberger,258,,,258,
Marcus Gerstenberg,259,,,259,
Marcus Gerstenberger,259,,,259,Gerstenberg
Justina Gerstenberger,260,,,260,
Johann Christoph Dehmar,261,,,261,
Regina Gerstenberger,262,,,262,
Regina Gerstenberger,263,,,262,
Heinrich Langguth,263,,,263,
Heinrich Langut,263,,,263,Langguth
Henricus Langut,263,,,263,
Dorothea Gerstenberger,264,,,264,
Johann Scheffer,265,,,265,Schäfer
Georg de Ahna,267,,,267,
Dorothea Hentrich,268,,,268,
Martha Catharina von der Sachsen ,269,,,269,
Jacob von der Sachsen,270,,,270,
Martha Gerstenberger ,272,,,272,
Hieronymus Gerstenberger ,273,,,273,
Johann Heinrich Menius,274,,,274,
N.N. Menius,274,,,274,
Catharina von Bodewitz,275,,,275,
Henrich Gerstenberg,276,,,276,
Henrich Rudolph Gerstenberger,277,,,276,
Johann Heinrich von Gerstenberg,278,,,278,
Sibylla Veronica Gerstenberg,279,,,279,
Anna Salome von Ehrenkron,280,,,280,
Anna Salome Jacobi von Ehrencron,280,,,280,
Hartmann Jacob von Ehrenkron,281,,,281,
Anna Salome de Lasser,282,,,282,
Moritz von Gudenus,?,,,283,
Moritz Gudenus,283,,,283,Moritz Gude
Johannes Leopold von Gudenus,284,,,284,
Wilhelm Streit,285,,,285,
Henrich Adam Streit,286,,,286,
Heinrich Adam Streit,286,,,286,
Georg Henrich Streit,287,,,287,
Urbanus Josephus Streit ,288,,,288,
Antonius Hallenhorst ,288,,,288,
Anthonius Hallenhorst ,288,,,288,
Anton Hallenhorst ,288,,,288,
Anna Hövel,289,,,289,
Maria Brand ,290,,,290,
Maria Brandt ,362,,,290,
Maria Brandt ,290,,,290,
Maria Brand,290,,,290,
Johannes Brandis ,291,,,291,
Hieronymus Anthon Hallenhorst,291,,,291,
Hieronymus Anton Hallenhorst,291,,,291,
Heinrich Adam Hallenhorst,292,,,292,
Heinrich Adam Hallenhorst,296,,,292,
Heinrich Brand,3376,,,293,
Heinrich Brand,293,,,293,
Heinrich II Brandt,293,,,293,
Heinrich II. Brand,293,,,293,
Barbara Richthäuser ,294,,,294,
Barbara Richthauser,294,,,294,
Anne Sabine Ziegler,295,,,295,
Anna Sabina Ziegler,295,,,295,
Regina Sabina Hallenhorst,297,,,297,
Juditha Sophia Hallenhorst,297,,,297,
Johann Christoph Frikkinger ,298,,,298,Frickinger
Christoph Frickinger,298,,,298,
Franz Leopold Hunold,299,,,299,
George Sigismund Hunold,300,,,300,
Valentin Bader,301,,,301,
Catharina Herr,302,,,302,
Friderica Sophia Louise Jungk,303,,,303,
Friederike Sophie Louise Schmidt,303,,,303,
Johann Caspar Jungk ,304,,,304,
Johann Kaspar Jungk,304,,,304,
Paulus Jungk,305,,,305,
Elisabeth Gärtner,306,,,306,
Christian Ferdinand von Zedtwitz ,307,,,307,
Johanna Louise Schmidt,308,,,308,Schmied
Jacob Samuel Schmidt,309,,,309,
Catharina Margaretha Rennemann ,310,,,310,
Catharina Margaretha Rennemann,310,,,310,
Georg Melchior von Ludolph,311,,,311,
Georg Melchior von Ludolff,311,,,311,Leutholf
George Melchior von Ludolf,311,,,311,
Georg Melchior von Ludolf,311,,,311,
Georg Melchior Ludolf,311,,,311,Ludolff / Ludolph / Ludolphus
Martha Benigna Schmidt,312,,,312,
Martha Benigna Schmidt],312,,,312,
Dorothea Magdalena Brießmann,313,,,313,
Juditha Margaretha von Seltzer,314,,,314,
Judith Margarethe Seltzer,314,,,314,
Jeremias Herbord von Seltzer,315,,,315,
Jeremias Herbord Seltzer,315,,,315,
Dorothea von Utzberg,316,,,316,
Melchior Schmidt,317,,,317,
Anna Regina Kniphoff,318,,,318,
Johann Melchior Kniphoff,319,,,319,
Johann Melchior Kniephoff,319,,,319,
Johann Melchior der Jüngere Kniphoff,319,,,319,
Johann Matthiae,320,,,320,
Magdalena Müller,321,,,321,
Cyriacus Müller ,322,,,322,
Cyriax Müller ,322,,,322,
Martha Ilgen,323,,,323,
Heinrich Ilgen der Jüngere,324,,,324,
Heinrich Ilgen junior,324,,,324,
Martha Mohr,325,,,325,
Anna Christina Meltzer,326,,,326,
Johann Stechanius,327,,,327,
Sabina Magdalena Wolff,328,,,328,Sabina Magdalena von der Marthen
Sabina Magdalena Wolff,330,,,328,Sabina Magdalena von der Marthen
Sabina Magdalena von der Marthen,328,,,328,
Henning von der Marthen,329,,,329,
Martha Christina Sophie Brückner,331,,,331,
Hieronymus Friedrich Brückner,332,,,332,
Johannes Weltz,333,,,333,
N.N.,334,,,334,
Catharina von Ryssel,335,,,335,
Eduard Brochhausen,336,,,336,
Lucia Biermann,337,,,337,
Judith Ludolff ,338,,,338,
Judith Ludolph,338,,,338,
Hiob Ludolff ,339,,,339,
Hiob Ludolf ,339,,,339,
Hiob Ludolph,339,,,339,
Hiob Ludolf,339,,,339,
Hiob I. Ludolph,339,,,339,
Andreas Heinrich Brochhausen,340,,,340,
Johann Joachim Brochhausen,341,,,341,
Christina Brochhausen ,342,,,342,
Christina Brochhausen,342,,,342,
Johann Wilhelm Sömmering,343,,,343,
Regine Brochhausen ,344,,,344,
Johann Ernst Brochhausen ,345,,,345,
Johann Ernst Brockhausen,345?,,,345,
Jost Heinrich Brochhausen,346,,,346,
Jost Heinrich Brockhausen,191?,,,346,
Johan Jacob Brochhausen,347,,,347,
Angela Brochhausen,348,,,348,
Tobias Emanuel Adami ,349,,,349,
Tobias Emanuel Adami,349,,,349,
Anna Magdalena Brochhausen ,350,,,350,
Johann Christoph Evander,350,,,350,
Johann Georg Evander,351,,,351,
Johann Jacob Waldbott von Bassenheim,352,,,352,
Johann Jacob Walpoth von Bassenheim,352,,,352,
Johann Jacob von Walpott,352,,,352,Johannes Jacobus Walbott a Bassenheim et Bornheim
Johann Jacob Waldbott,352,,,352,
Johann Jakob von Waldbott-Olbrueck,352,,,352,
Barbara Brandt ,353,,,353,
Heinrich Jacob Brandt,354,,,354,
David Brandt ,355,,,355,
Martha Brandt ,356,,,356,
Balthasar Rudolph Brandt ,357,,,357,
Hieronymus Brandt ,358,,,358,
Conrad Theodoricus Brandt ,359,,,359,Dietrich
Christina Brandt ,360,,,360,
Johann Melchior Brandt,361,,,361,
Agatha von Bingen,363,,,363,
Anna Maria Barbara von Bielstein,364,,,364,
Beate Franziska Gudenus,365,,,365,
Maria Josefa Salome Gudenus,366,,,366,
Judith Brandt,367,,,367,
Adelgunde Gudenus ,368,,,368,
Maria Theresia Gudenus ,369,,,369,
Carl Josef Dresanus,370,,,370,
Karl Josef Dresanus,370,,,370,
Johann Leopold Gudenus,371,,,371,
Johannes Leopold Gudenus,371,,,371,
Jacob Moritz Gudenus,372,,,372,
Franziska Beata Gudenus,373,,,373,
Johann Adam von Eck,374,,,374,
Friedrich Wilhelm Gudenus,375,,,375,
Anna Elisabeth Maria Emilia von Tattenberg und Rheinstein,376,,,376,
Johann Daniel Gudenus ,377,,,377,
Franz Christoph Gudenus,379,,,379,
Maria Katharina Gudenus,380,,,380,
Beata Stein,381,,,381,
Beate Stein,381,,,381,
Hans Stein,382,,,382,
Elisabeth Ziegenhorn,383,,,383,
Johann Daniel Gudenus,384,,,384,
Anna Katharina Gudenus,385,,,385,
N.N. Wedelmann,386,,,386,
Anna Beate Gudenus ,387,,,387,
Anna Christiana Gudenus,388,,,388,
Johann Dietrich Theodor Heiland,389,,,389,
Johann Christoph Gudenus,OCR,,,390,
Johann Christoph Gudenus,390,,,390,
Maria Clara Thavonath,391,,,391,
Urban Ferdinand Gudenus ,392,,,392,
Lotharia Mechtildis von Birkig,393,,,393,
Georg Friedrich Gudenus,394,,,394,
Johanna Franziska von Birkig,395,,,395,
Dorothea Sibylla von der Weser,396,,,396,
Magdalene Franziska Isselbach,397,,,397,
Johanna Klara Gudenus,398,,,398,
Christoffel Gudenus,399,,,399,
Ursula vom Hoffe,400,,,400,
Johannes d.Ä. Gudenus,401,,,401,
Margaretha Gudenus,402,,,402,
Johannes d.J. Gudenus,403,,,403,
Maria Josefa Felizitas Gudenus,404,,,404,
Johann Georg Mauritius Gudenus,405,,,405,
Maria Franziska Theresia Josefa Gudenus,406,,,406,
Maria Katharina Barbara Anastasia Gudenus,407,,,407,
Friedrich Wilhelm Moritz Bernhard Gudenus,408,,,408,
Friedrich Wilhelm Moritz Bernhard von Gudenus,408,,,408,
Eva Sabina Straub,409,,,409,
F. L. Löber,410,,,410,
Friedrich Leonhard Löber,410,,,410,
Leonhard Löber,410,,,410,Loeber
Philipp Wilhelm Meinong,411,,,411,
Johann Jakob Josef Franz Gudenus,412,,,412,
Johann Jakob Josef Franz Gudenus,26,,,412,
Johann Jakob Josef Franz von Gudenus,26,,,412,
Johann Jakob Josef Franz von Gudenus,412,,,412,
Benedikt von Döttinchem,413,,,413,
Ursula Loscant,414,,,414,
Anselm Friedrich Adolf Gudenus,415,,,415,
Anselm Friedrich von Gudenus,415,,,415,
Johann Adolf Damian Gudenus,416,,,416,
Adolf Johann Sigismund von Gudenus,416,,,416,
Mauritius Ferdinand Anton Gudenus,417,,,417,
Moritz Ferdinand von Gudenus,417,,,417,
Hans Hugold Strecker,419,,,419,Johannes Hugold Strecker
Anna Maria Sältzer,420,,,420,
Maria Agnes Jordan,422,,,422,
Philipp Kaspar Strecker,423,,,423,
Johann Christoph Strecker,424,,,424,
Elise Ständer,425,,,425,
Johann Hugo Strecker,426,,,426,
Elisabeth Wolf,427,,,427,
Johann Franz Strecker,428,,,428,
Apollonia Elise Marie Simon,429,,,429,
Maria Anna Strecker,429,,,429,
Dorothea Elisabeth Strecker,430,,,430,
Hans Georg Hentrich,431,,,431,
Maria Katharina Strecker,432,,,432,
Johann Valtin Kaltwasser,433,,,433,
Friedrich Christian August Strecker,434,,,434,
Georg Heinrich Gottlieb Strecker,435,,,435,
Maria Anna Wagner,436,,,436,
Maria Maximilia Christina Antonetta Strecker,437,,,437,
Anna Catharina Wilhelmina Josepha Strecker,438,,,438,
Ivo Johannes Stahl,439,,,439,
Ivo Johann Stahl,439,,,439,
Ivo Stahl,439,,,439,
Catharina Molitoris,440,,,440,
Alexander Johann Strecker,441,,,441,
Alexander Strecker,441,,,441,
Maria Susanna von Zwehl,442,,,442,
Maria Anna Francisca Renata Strecker,443,,,443,
Maria Wilhelmina Josepha Strecker,444,,,444,
Johann Bernhard Strecker,445,,,445,
Maria Anna Francisca Wagner,446,,,446,
Ernst Friedrich Hugo Strecker,447,,,447,
Alexander Bernhard Johann Nepomuk Strecker,448,,,448,
N.N. Strecker,449,,,449,
Adam Ignaz Turin,450,,,450,
Adam Ignatz Turin,450,,,450,
Adam Ignatius Turin,450,,,450,
Adam Ignaz Durino,450,,,450,
Johann Herwig von Zwehl,451,,,451,
Karl Wilhelm Anton Strecker,452,,,452,
Carl Wilhelm Strecker,452,,,452,
Agnes Turin,453,,,453,
Maria Francisca Renate Strecker,454,,,454,
Franciscus Jacobus Johannes Nepomuk Strecker,455,,,455,
Sophia Katharina Josepha Strecker,456,,,456,
Karl Friedrich Wunderlich,457,,,457,
Susanna Josepha Strecker,458,,,458,
Johann Jakob Dominicus,459,,,459,
Jakob Dominicus,459?,,,459,
Henricus Strecker,460,,,460,
Maria Apollonia Wilhelmina Susanna Strecker,461,,,461,
Regina Elisabeth Tentzel,462,,,462,
Friedrich Heinrich Jakob,463,,,463,
Friedrich Heinrich Jacobs,463,,,463,
M. Friedrich Heinrich Jacobs,463,,,463,
Christine Elisabeth Tentzel,464,,,464,
Hieronymus Gottlieb Tentzel,465,,,465,
Johann Friedrich Tentzel,466,,,466,
Salome Sophia Tentzel,468,,,468,
Christian Friedrich Schelhas,469,,,469,
Christian Friedrich Schellhas,469,,,469,
Regina Adami,476,,,470,
Barbara Happe,471,,,471,
Ernst II Tentzel,472,,,472,
Elisabeth Bonner,473,,,473,
Johann Gottlieb Adami,473,,,473,
Johann Gottlieb Adami,473?,,,473,
Regina Brückner,474,,,474,
Rudolph Adami,475,,,475,
Johann Christian Tentzel,476,,,476,
Stephan Bonner,477,,,477,
Anna Siebold,478,,,478,
Juditha Margaretha Döring,479,,,479,
Sabine Magdalene von Eberbach,480,,,480,
Benigna von der Sachsen,481,,,481,
Tobias Emmanuel Adami ,482,,,482,
Tobias Adami ,482,,,482,
Christian Wilhelm von Brettin,482,,,482,
Tobias Adami,482,,,482,
Dorothea von der Sachsen,483,,,483,
Henning Rennemann,485,,,485,Henningus Rennemann
Justus Josias Rennemann ,486,,,486,
Helmoldevigus Rennemann,487,,,487,
Margaretha Sprocovius,488,,,488,
Maria Northausen,488,,,488,
Lydia Rothart ,489,,,489,
Lydia Rothardt ,489,,,489,
Maria Northausen ,490,,,490,
Gottfried von Benzel-Sternau,491,,,491,
Johann Jakob Bentzell,492,,,492,
Johann Jakob Josef Benzel,492,,,492,Benzell
Anselm Franz von Bentzel-Sternau,493,,,493,
Franz Anselm Freiherr von Benzel,493,,,493,Benzell
Anselm Franz Freiherr von Benzel,493,,,493,Benzell
Hans von Ingelheim,494,,,494,
N.N. von Clemens-Millwitz,495,,,495,
N.N. von Boineburg,496,,,496,
N.N. von Boyneburg,496,,,496,
Berthold Boineburg,496,,,496,
Melchior Friedrich zu Schönborn,497,,,497,
Anna Sophia von Boineburg,498,,,498,
Barbara von Buttlar,499,,,499,
N.N. Meier,500,,,500,
Christoph Gudenus,501,,,501,
Sophia Dorothea Faligken,502,,,502,
Maria Josepha Theresia Molitoris,503,,,503,Maria Josepha Theresia de Clemens
Anna Josepha Wallburgis von Clemens,504,,,504,
Anna Josepha von Clemens,504,,,504,
Robert Balthasar von Klemens,53,505.0,,505,Rupert Klemens
Robert Balthasar von Klemens,505,505.0,,505,Rupert Klemens
Robert Balthasar von Klemens,53,,,505,Rupert Klemens
Robert Balthasar von Clemens,505,,,505,
Robert Balthasar Adam Clemens,505,,,505,Clemenz
Robert Clemens,505,,,505,Clemenz
Maria Margaretha von Clemens,506,,,506,
N.N. Fritz,507,,,507,
Susanna Theresia Fritz,508,,,508,
Catharina Höglein,510,,,510,Catharina Hoeglien
M. E. L. [?] von Gerstenberg,511,,,511,
N.N. von Sommerlatte ,512,,,512,
Bernhard von Sommerlattae,512,,,512,
Otto Arnold von Sommerlattae,512,,,512,
Charlotte von Bellmont,513,,,513,
Maria Angelica Bendleb,514,,,514,
Christian Samuel Graberg,515,,,515,
Eva Eleonora Schmidt,516,,,516,
Rosina Chrisitna Fratzscher,517,,,517,
M. Georg Berger,519,,,519,
Jacobus M. Berger,520,,,520,
Judith Brochhausen,522,,,522,
Jost Christoph Reinhardt,523,,,523,
David Hamilton,524,,,524,
Laurentius Heinrici,525,,,525,Laurentius Heine
Heinrich Wilhelm Ludolf,526,,,526,
Martha Benigna Ludolf ,527,,,527,
Caspar Friedrich Heidenreich,528,,,528,
Hans Ludolf,529,,,529,Hans Lidloff
Anna Gebhard,530,,,530,Anna Wesener
Conrad Brand ,531,,,531,
Christina Gebhard,532,,,532,
Jonas Meltzer,533,,,533,Johann Meltzer / Johann Möltzer / Jonas Möltzer
Martha Catharina von Utzberg,534,,,534,
Jeremias Schorch,536,,,536,
Martha Birnstiel,540,,,540,
Jeremias Birnstiel,541,,,541,
Elisabeth Elsner ,542,,,542,
Bartholomaeus Elsner ,543,,,543,
Bartholomaeus Elßner ,543,,,543,
Johannes Bartholomaeus Elsnerus,543,,,543,
Regina Frischmann,544,,,544,
Ursula Wagner,544,,,544,
Johannes Wagner,545,,,545,
Anna Maria Schorch,546,,,546,
Heinrich Friedemann,547,,,547,
Heinrich Wilhelm Friedemann,547,,,547,Friedemannus
Maria Magdalena Schorch,548,,,548,
Franz Schiller,549,,,549,
Franz Heinrich Schiller,549,,,549,Schieller / Schillers
Heinrich Bartholomaeus Schorch,551,,,551,
Heinrich Bartholomäus Schorch,551,,,551,
Martha Elisabeth Schorch ,552,,,552,
Martha Elisabeth Andreae,552,,,552,Martha Elisabeth Schorch 
M. Johann Wilhelm Andreae,553,,,553,
Johann Wilhelm Andreae,553,,,553,
Johannes Schorch ,554,,,554,
Anna Funcke,555,,,555,
Martha Nacke,556,,,556,
Hartmann Nacke ,557,,,557,
Anna Benigna Gerstenberg ,558,,,558,
Marie Christine von Brettin,559,,,559,
Cordula Maximiliana von der Weser ,560,,,560,
Wolf Balthasar von der Weser,561,,,561,
Hedwig Müller,562,,,562,
Jacob Heinrich Ziegler,563,,,563,
Elisabeth Stichling,564,,,564,
Martha Vasold ,565,,,565,
Ursula Förster ,566,,,566,
Catharina Herr ,567,,,567,
Sabina Magdalena Melzer,568,,,568,
Anna Christina Schütz von Holzhausen,569,,,569,
Philipp Ludwig von Reiffenberg,570,,,570,
Philipp von Reiffenberg,570,,,570,
Philipp Ludwig Freiherr von Reiffenberg,570,,,570,
Philipp Ludwig Ritter von Reiffenberg,570,,,570,
Friedrich von Greiffenclau zu Vollraths,571,,,571,
Friedrich Greiffenclau zu Vollrats,571,,,571,
Friedrich von Greiffenclau,571,,,571,
Gottlieb Philipp Joseph Faust von Stromberg,572,,,572,
Gottfried Philipp Faust von Stromberg,572,,,572,
Friedrich Wilhelm Freiherr von Bicken,573,,,573,
Friedrich Wilhelm von Bicken,573,,,573,
Adam Philipp Teitzel,903,9054.0,,9001,
Adam Philipp Teitzel,9054,9054.0,,9001,
Adolf Friedrich Rudolf Joseph (Freiherr) von TROTT zu SOLZ,P-010,,,9002,
Adolf Karl Alexander Lothar (Freiherr) von ZEHMEN,P-083,,,9003,
Adolph Wilhelm Franz Freiherr von Greiffenclau zu Vollrads,84,9043.0,,9004,Adolph Freiherr von Greiffenclau zu Vollrads
Adolph Wilhelm Franz Freiherr von Greiffenclau zu Vollrads,9043,9043.0,,9004,Adolph Freiherr von Greiffenclau zu Vollrads
Adolph Wilhelm Franz Freiherr von Greiffenclau zu Vollrads,84,,,9004,Adolph Freiherr von Greiffenclau zu Vollrads
Aegidius (Egid) Valentin Felix (Freiherr von) BORIÉ (Beaurieux) (zu SCHÖNBACH),P-022,,,9005,
Aegidius Joseph Valentin Felix genannt Egid Joseph Karl von FAHNENBERG,P-060,,,9006,
Aeneas Anton von Fleischmann,41,9018.0,,9007,Aeneas Anton Fleischmann
Aeneas Anton von Fleischmann,9018,9018.0,,9007,Aeneas Anton Fleischmann
Aeneas Anton von Fleischmann,41,,,9007,Aeneas Anton Fleischmann
Aloys Joseph Dominik Johann Franz (Freiherr) MAURER von KRONEGG zu Ungarshofen,P-052,,,9008,
Andreas (Freiherr von) STEIGENTESCH,P-105,,,9009,
Anselm Franz Serger,40,9017.0,,9010,
Anselm Franz Serger,9017,9017.0,,9010,
Anselm Freiherr Groß von und zu Trockau,78,9037.0,,9011,
Anselm Freiherr Groß von und zu Trockau,9037,9037.0,,9011,
Anselm Freiherr Groß von und zu Trockau,78,,,9011,Anselm Baron von Groß zu Trockau
Anselm Gerhard Schott,904,9055.0,,9012,
Anselm Gerhard Schott,9055,9055.0,,9012,
Arnold Gottfried Events,230?,,,9013,
Augustin Franz von Kunibert,69,9032.0,,9014,Augustin Franz Kunibert
Augustin Franz von Kunibert,9032,9032.0,,9014,Augustin Franz Kunibert
Augustin Franz von Kunibert,69,,,9014,Augustin Franz Kunibert
Benjamin Schüz,?,,,9015,
Bernhard Gottfried von Reider,50,9022.0,,9016,Bernhard Gottfried Reider
Bernhard Gottfried von Reider,9022,9022.0,,9016,Bernhard Gottfried Reider
Bernhard Gottfried Reider,50,,,9016,
Bernhard Gottfried Reider,API,,,9016,
Bernhard Gottfried Reider,OCR,,,9016,
Bernhard Gottfried von Reider,50,,,9016,Gottfried von Reider
Bernhard Gottfried von Reider,50,,,9016,Bernhard Gottfried Reuter
Christian von Ottenthal,74,9035.0,,9017,Christian Ottenthal
Christian von Ottenthal,9035,9035.0,,9017,Christian Ottenthal
"Christian Franz [von, S.J.] WEIDENFELD",P-017,,,9017,
Christian von Ottenthal,74,,,9017,Christian Ottenthal
Christoph Hartmann Freiherr von Fechenbach zu Laudenbach,12,9003.0,,9018,
Christoph Hartmann Freiherr von Fechenbach zu Laudenbach,9003,9003.0,,9018,
Christoph Hartmann Freiherr von Fechenbach zu Lautenbach,12,9003.0,,9018,
Christoph Hartmann Freiherr von Fechenbach zu Lautenbach,9003,9003.0,,9018,
Christoph Hartmann Freiherr von Fechenbach zu Lautenbach,12,,,9018,Christophel Hartmann Freiherr von Fechenbach
Damian Friedrich von Strauß,221,9049.0,,9019,
Damian Friedrich von Strauß,9049,9049.0,,9019,
Damian Friedrich von Strauß,221,,,9019,Damian Friedrich Strauß
Emmerich Joseph Freiherr von Breidbach zu Bürresheim,77,9036.0,,9020,
Emmerich Joseph Freiherr von Breidbach zu Bürresheim,9036,9036.0,,9020,
"Ferdinand Heinrich (Freiherr von) DÜNWALDT (Dünnwaldt, Dünwald, Dün(n)ewald)",P-082,,,9021,
Franz Arnold (Freiherr) von der BECKE,P-107,,,9022,
Franz Arnold Evers,230?,,,9023,
Franz Bernhard Joseph Freiherr von STEIN zu LAUSNITZ,P-062,,,9024,
Franz Bertram Freiherr von Scheben,37,9015.0,,9025,"Franz Bertram von Scheben, Edler von Kronfeld"
Franz Bertram Freiherr von Scheben,9015,9015.0,,9025,"Franz Bertram von Scheben, Edler von Kronfeld"
Franz Bertram Freiherr von Scheben,37,,,9025,"Franz Bertram von Scheben, Edler von Kronfeld"
Franz Christoph Heinrich Aloys (Graf) von Reigersberg,P-086,,,9026,
Franz Georg (Freiherr von) LEYKAM,P-019,,,9027,
Franz Graf von Spaur,67,9030.0,,9028,
Franz Graf von Spaur,9030,9030.0,,9028,
Franz Joseph (Freiherr von) Albini,P-075,,,9029,
Franz Joseph Ignaz (Freiherr von) LINDEN,P-020,,,9030,
Franz Philipp Ernst Freiherr von Hettersdorf,72,9033.0,,9031,
Franz Philipp Ernst Freiherr von Hettersdorf,9033,9033.0,,9031,
Franz Valerius (Edler von) HAUER,P-057,,,9032,
Franz Wilhelm LOSKAND,P-004,,,9033,Loskandt / Loskant
Friedrich Joseph Anton (Freiherr) von SCHMITZ (zu GROLLENBURG),P-103,,,9034,
Friedrich Karl Freiherr von Groschlag zu Dieburg,85,9044.0,,9035,
Friedrich Karl Freiherr von Groschlag zu Dieburg,9044,9044.0,,9035,
Friedrich Karl Freiherr von Groschlag zu Dieburg,85,,,9035,Friedrich Karl Freiherr von Groschlag 
Georg Friedrich von Lasser,30,9011.0,,9036,
Georg Friedrich von Lasser,9011,9011.0,,9036,
Gerhard Evers,230?,,,9037,
Gerhard Georg Wilhelm Franz Xaver (Freiherr von) VOGELIUS,P-015,,,9038,
Gottfried Emanuel Friedrich Freiherr von ANDRIAN-WERBURG,P-061,,,9039,Gottfried Emanuel Ferdinand Andont Freiherr von ANDRIAN-WERBURG
Gottfried von Lammertz,15,9006.0,,9040,
Gottfried von Lammertz,9006,9006.0,,9040,
Hartmann Andreas von Faber,89,9048.0,,9041,Hartmann Andreas Faber
Hartmann Andreas von Faber,9048,9048.0,,9041,Hartmann Andreas Faber
Hartmann Andreas von Faber,89,,,9041,Hartmann Andreas Faber
"Heinrich Ludwig Karl (von) GEBLER, (des Heiligen Römischen Reichs Ritter)",P-055,,,9042,
Heinrich Schweickart Oswald Hellmandel,34,9013.0,,9043,Heinrich Schweickart Hellmandel
Heinrich Schweickart Oswald Hellmandel,9013,9013.0,,9043,Heinrich Schweickart Hellmandel
Heinrich Schweickart Oswald Hellmandel,34,,,9043,Heinrich Schweickart Hellmandel
"Hermann Franz (Edler von, des Heiligen Römischen Reichs Ritter) SONBORN",P-021,,,9044,
Hugo Johann Philipp Graf von Stadion,44,9020.0,,9045,Johann Philipp Graf von Stadion
Hugo Johann Philipp Graf von Stadion,9020,9020.0,,9045,Johann Philipp Graf von Stadion
Hugo Johann Philipp Graf von Stadion,44,,,9045,Johann Philipp Graf von Stadion
Ignaz Friedrich Maria Joseph Anton Apollinaris Canutus (Freiherr von) GRUBEN,P-005,,,9046,
Joachim Albert Johann Zacharias (Freiherr von) HESS,P-073,,,9047,Heß
Joachim Leonhard SCHÜLL,P-071,,,9048,Schül / Schul
Johann Adam (Freiherr von) SCHROFF,P-078,,,9049,
Johann Albert Freiherr von Gudenus,57,9026.0,,9050,
Johann Albert Freiherr von Gudenus,9026,9026.0,,9050,
Johann Albert Freiherr von Gudenus,57,,,9050,Johann Albert von Gudenus
Johann Alexander Bernhard Strecker,75,,,9051,Alexander Bernhard Strecker
Johann Alexander Bernhard Strecker,825,,,9051,Alexander Bernhard Strecker
Johann Arnold Heinrich Joseph CRAMER von CLAUSBRUCH,P-016,,,9052,
Johann Christian Joseph Freiherr von WALDENFELS,P-084,,,9053,Wallenfels
Johann Christoph Joseph (von) SCHMITZ,P-077,,,9054,
Johann Christoph Joseph Schlehlein,21,9007.0,,9055,
Johann Christoph Joseph Schlehlein,9007,9007.0,,9055,
Johann Christoph Joseph Schlehlein,21,,,9055,Christoph Joseph Schlehlein
Johann Christoph Joseph Schlehlein,21,,,9055,Johann Christoph Schlehlein
Johann Christoph Veit (Edler von) TÖNNEANN,P-050,,,9056,
Johann Daniel Clemens (von) HUEBER (von der WILTAU) (Wildau),P-024,,,9057,
Johann Stephan (Edler von) SPECKMANN,P-018,,,9058,
Johann Daniel Heyland,X,,,9058,
Johann Werner Freiherr von Vorster,9,9000.0,,9059,
Johann Werner Freiherr von Vorster,9000,9000.0,,9059,
Johann Daniel Marianus FRANK,P-096,,,9059,Franck
Johann Werner Freiherr von Vorster,9,,,9059,Johann Werner von Vorster
Johann Eberhard Franz von Löhr,35,9014.0,,9060,Johann Erhard Franz von Löhr
Johann Eberhard Franz von Löhr,9014,9014.0,,9060,Johann Erhard Franz von Löhr
Veit Christoph Molitor,39,9016.0,,9060,
Veit Christoph Molitor,9016,9016.0,,9060,
Veit Christoph Molitor,3001,9016.0,,9060,
Joseph Anton Leonard Hartmann,80,9039.0,,9060,
Joseph Anton Leonard Hartmann,9039,9039.0,,9060,
Johann Eberhard Franz von Löhr,35,,,9060,Johann Erhard Franz von Löhr
Joseph Anton Leonard Hartmann,80,,,9060,Johann Anton Leonard Hartmann
Johann Ferdinand Andreas von Lammertz,28,9010.0,,9061,
Johann Ferdinand Andreas von Lammertz,9010,9010.0,,9061,
Johann Ferdinand Andreas von Lammertz,26,9010.0,,9061,
Joseph Graf von Fugger zu Kirchheim,83,9042.0,,9061,
Joseph Graf von Fugger zu Kirchheim,9042,9042.0,,9061,
Joseph Graf von Fugger zu Kirchheim,83,,,9061,Joseph Graf von Fugger
Johann Ferdinand Andreas von Lammertz,28,,,9061,Ferdinand Andreas von Lammertz
Johann Franz Aegidius (Egid) (von) BEAURIEUX (zu SCHÖNBACH),P-001,,,9062,
Joseph Philipp (Philipp Karl Joseph) Graf zu SPAUR und FLAVON,P-085,,,9062,
Johann Franz Rudolf Nikolaus DEGEN,P-009,,,9063,
Joseph ULLHEIMER,P-076,,,9063,
Karl Adolph Freiherr von Ritter zu Grünstein,81,9040.0,,9064,
Karl Adolph Freiherr von Ritter zu Grünstein,9040,9040.0,,9064,
Johann Franz Valentin (von) EMMERICH,P-094,,,9064,
Karl Adolph Freiherr von Ritter zu Grünstein,81,,,9064,Karl Adolph Baron von Ritter
Johann Friedrich Edler von Stubenrauch,26,9009.0,,9065,Johann Friedrich Stubenrauch
Johann Friedrich Edler von Stubenrauch,9009,9009.0,,9065,Johann Friedrich Stubenrauch
Karl Anton Freiherr von Vorster,88,9047.0,,9065,Karl Anton von Vorster
Karl Anton Freiherr von Vorster,9047,9047.0,,9065,Karl Anton von Vorster
Johann Friedrich Edler von Stubenrauch,26,,,9065,Johann Friedrich Stubenrauch
Karl Anton Freiherr von Vorster,88,,,9065,Karl Anton von Vorster
Karl Friedrich August Philipp Freiherr von DALWIGK zu LICHTENFELS,P-036,,,9066,
Johann Friedrich Joseph Anton CRAMER von CLAUSBRUCH,P-106,,,9066,
Karl Friedrich Freiherr von Frankenstein zu Ockstadt,13,9004.0,,9067,
Karl Friedrich Freiherr von Frankenstein zu Ockstadt,9004,9004.0,,9067,
Karl Friedrich Freiherr von Frankenstein zu Ockstadt,13,,,9067,Karl Friedrich Freiherr von Frankenstein
Johann Georg Evenius,351?,,,9067,
Karl Friedrich Wilhelm Freiherr von Erthal,54,9024.0,,9068,
Karl Friedrich Wilhelm Freiherr von Erthal,9024,9024.0,,9068,
Johann Georg Jakob (Freiherr von) BORIÉ (Beaurieux) (zu SCHÖNBACH),P-008,,,9068,
Karl Friedrich Wilhelm Freiherr von Erthal,54,,,9068,Friedrich Wilhelm Freiherr von Erthal
Johann Georg Mansuet Freiherr von Bentzel,82,9041.0,,9069,Johann Georg Mansuet von Bentzel
Johann Georg Mansuet Freiherr von Bentzel,9041,9041.0,,9069,Johann Georg Mansuet von Bentzel
Karl Heinrich (Edler) von JODOCI,P-053,,,9069,
Johann Georg Mansuet Freiherr von Bentzel,82,,,9069,Johann Georg Mansuet von Bentzel
Johann Georg Mansuet Freiherr von Bentzel,82,,,9069,Georg Mansuet Freiherr von Bentzel 
Johann Georg Neureuter,73,9034.0,,9070,
Johann Georg Neureuter,9034,9034.0,,9070,
Johann Georg Reurether,73,9034.0,,9070,
Johann Georg Reurether,9034,9034.0,,9070,
Karl Kaspar (Freiherr von) HERTWICH,P-098,,,9070,
Johann Georg von Nitschke,24,9008.0,,9071,Georg von Nitschke
Johann Georg von Nitschke,9008,9008.0,,9071,Georg von Nitschke
Karl Ludwig (Freiherr von) BRANCA,P-081,,,9071,
Johann Georg von Nitschke,24,,,9071,Georg von Nitschke
Johann Hermann Joseph Franz PAPIUS (Freiherr von PAPE gen. PAPIUS),P-058,,,9072,
Karl Wilhelm Freiherr von Hagen,14,9005.0,,9073,Karl von Hagen
Karl Wilhelm Freiherr von Hagen,9005,9005.0,,9073,Karl von Hagen
Karl Wilhelm Freiherr von Hagen,14,,,9073,Karl von Hagen
Karl Wilhelm Freiherr von Hagen,14,,,9073,Karl Freiherr von Hagen
Karl Wilhelm Freiherr von Hagen,14,,,9073,Karl Wilhelm von Hagen
Johann Jakob Edler von Stubenrauch,32,9012.0,,9074,Johann Jakob Stubenrauch
Johann Jakob Edler von Stubenrauch,9012,9012.0,,9074,Johann Jakob Stubenrauch
Karl Wilhelm Friedrich (Freiherr) von KÜNSBERG,P-070,,,9074,(Künssberg)-Thurnau-Ermreuth
Johann Jakob Edler von Stubenrauch,32,,,9074,Johann Jakob Stubenrauch
Johann Jakob Edler von Stubenrauch,32,,,9074,Jakob Stubenrauch
Johann Joachim Georg (Freiherr) von MÜNCH (von/zu BELLINGHAUSEN),P-011,,,9075,
Kaspar Philipp Joseph Franz (Graf) von SPIEGEL zum DIESENBERG(-HANXLEDEN),P-087,,,9076,
Johann Kaspar von Hagen,901,9052.0,,9077,
Johann Kaspar von Hagen,9052,9052.0,,9077,
Johann Kaspar von Hagen,902,9052.0,,9077,
Lothar Franz Michael Freiherr von Erthal,45,9021.0,,9078,
Lothar Franz Michael Freiherr von Erthal,9021,9021.0,,9078,
Lothar Franz Michael Freiherr von Erthal,45,,,9078,Lothar Franz Michael Freiherr von und zu Erthal
Lothar Franz Michael Freiherr von Erthal,45,,,9078,Lothar Franz Freiherr von und zu Erthal
Lothar Karl Freiherr von Bettendorf,222,9050.0,,9079,
Lothar Karl Freiherr von Bettendorf,9050,9050.0,,9079,
Johann Mauritius Gudenus,231,,,9080,
Johann Moritz Gudenus,231,,,9080,
Johannes Moritz Gudenus,231,,,9080,
Johann Melchior CRAMER von CLAUSBRUCH,P-014,,,9081,
Johann Melchior von Birckenstock,52,9023.0,,9082,Johann Melchior Birckenstock
Johann Melchior von Birckenstock,9023,9023.0,,9082,Johann Melchior Birckenstock
Johann Melchior von Birckenstock,52,,,9082,Johann Melchior Birckenstock
Otto Heinrich (Freiherr) von GEMMINGEN-HORNBERG-Hoffenheim,P-121,,,9083,
Paul Theodor (von) ANTHONI,P-093,,,9084,Antoni
Peter Joseph Melchior (von) HOMMER,P-013,,,9085,
Philipp Ernst (Freiherr von) REUSS (genannt HABERKORN),P-074,,,9086,Reuß
Philipp Franz Freiherr Knebel von Katzenelnbogen,86,9045.0,,9087,
Philipp Franz Freiherr Knebel von Katzenelnbogen,9045,9045.0,,9087,
Philipp Franz Freiherr Knebel von Katzenelnbogen,86,,,9087,Philipp Franz Freiherr von Knebel zu Katzenelnbogen
Philipp Franz Karl Freiherr von Wambold zu Umstadt,87,9046.0,,9088,Philipp Franz Karl Freiherr von Wambold
Philipp Franz Karl Freiherr von Wambold zu Umstadt,9046,9046.0,,9088,Philipp Franz Karl Freiherr von Wambold
Philipp Franz Karl Freiherr von Wambold zu Umstadt,87,,,9088,Philipp Franz Karl Freiherr von Wambold
Philipp Franz Karl Freiherr von Wambold zu Umstadt,87,,,9088,Philipp Franz Freiherr von Wambold
Philipp Heinrich (Freiherr von) REUSS (Reuß) (genannt HABERKORN),P-023,,,9089,
Philipp Karl (von) DEEL (Edler zu DEELSBURG) (später: Freiherr DEEL von DEELSBURG),P-059,,,9090,
Philipp Moritz Gedult von Jungenfeld,10,9001.0,,9091,
Philipp Moritz Gedult von Jungenfeld,9001,9001.0,,9091,
Robert Balthasar von Milwitz,505,,,9092,
Theodor Karl Joseph Johann (Edler) de/von L'EAU,P-051,,,9093,
Theodor Wilhelm Franz zum PÜTZ,P-102,,,9094,Theodor Wilhelm Franz von PÜTZ
[Johann Rudolph] Cöler,17,,,9095,
Mauritius Bachmann,2,,,9096,Mauriz
Johann Philipp Demar,20,,,9096,
[Johann Philipp] Dehmar,20,,,9096,Dehmer
Moritz Bachmann,2,,,9096,
Ernst Ludwig Wilhelm Freiherr von Dachröden,18,,,9097,
Christian Joseph Freiherr von Benzel,6,,,9097,
Ernst Ludwig Wilhelm von Dacheröden,18,,,9097,
Mauritius Gudenus,29,,,9098,
Mauritius Gudenus,283,,,9098,
Mauritius Gudenus,28,,,9098,
Mauritius von Gudenus,29,,,9098,
Jacobus de Billstein,7,,,9098,
Gereon Molitoris,53,,,9099,
[Gereon] Molitor,53,,,9099,
Ernst Immanuel Tentzel,87,,,9100,
Ernst Emanuel Tentzel,467,,,9100,Tenzel
Ernst Emanuel Tentzel,87,,,9100,Tenzel
Ernst Christian Immanuel Tentzel,518,,,9100,Tenzel
Ernst III Tentzel,87,,,9101,
Johannes Dresanus,100,,,9102,
Johann Heinrich M. Riedel,243,,,9103,
Jakob Heinrich Langguth,263,,,9104,Languth
Johann Heinrich Schorch,550,,,9105,
Johann Schorch,550,,,9106,
Maria Joseph Graf FUGGER von DIETENHEIM,P-097,,,9181,
Johann Peter (von) ORTMANN,P-054,,,9182,
Johann Philipp Freiherr von Bettendorf,43,9019.0,,9183,
Johann Philipp Freiherr von Bettendorf,9019,9019.0,,9183,
Johann Sebastian Nikolaus Tolentinus Erasmus Judas Thaddäus (Freiherr) von ZILLERBERG,P-079,,,9184,
Valentin Ferdinand (Freiherr) von GUDENUS,P-069,,,9200,
Karl Peter Rüssel,68,9031.0,,9272,
Karl Peter Rüssel,9031,9031.0,,9272,
Johann Hugo Heinrich Franz von GAERZ (Gaertz),P-007,,,9273,
Kaspar Anton (Freiherr von) Albini,P-095,,,9275,
Johann Joseph Edler von WEINBACH,P-080,,,9276,
"Leopold Philipp Albert Adolf Erhard Graf und Freiherr GALLER zu Schwanberg, Lannach und Waldschach",P-072,,,9277,
Johann Ludwig Vollrath (von) FROHN,P-012,,,9278,
Johann Matthias (Edler von) COLL,P-006,,,9279,
Lothar von Horn,906,9057.0,,9280,
Lothar von Horn,9057,9057.0,,9280,
Johann Michael Strecker,905,9056.0,,9281,
Johann Michael Strecker,9056,9056.0,,9281,
Maximilian Joseph Anton Joseph Nepomuk (Freiherr von) MARTINI,P-056,,,9282,
